{
   "k_mean":{
      "scores":[
         0.01276329791223695,
         0.011512756328942811,
         0.010725853529199043,
         0.012747039136846515,
         0.011960130285623318
      ],
      "avg_score":0.011941815438569727,
      "best_var":"language_code",
      "anova":8.98677154785747e-08,
      "t_test":0.4246287874124304,
      "msg": "followed by t-test: algorithms ('track', 'language_code'), ('track', 'genre_top') are the same\n"
   },
   "fuzzy_c_means":{
      "scores":[
         0.014061056458801716,
         0.011679981549970582,
         0.013303847287471273,
         0.013344991525298812,
         0.011787079470326443
      ],
      "avg_score":0.012835391258373765,
      "best_var":"language_code",
      "anova":3.5464812438255107e-10,
      "t_test":0.0003544623001538217
   },
   "gaussian_mixture":{
      "scores":[
         0.010295579292625515,
         0.01241797953703103,
         0.020169422588613074,
         0.015933189984723053,
         0.011854649276059118
      ],
      "avg_score":0.014134164135810359,
      "best_var":"language_code",
      "anova":9.392008412378195e-06,
      "t_test":0.31928339641695,
      "msg": "followed by t-test: algorithms ('track', 'language_code'), ('track', 'genre_top') are the same"
   },
   "hierarchical_clustering":{
      "scores":[
         0.00937179947831125,
         0.012644641795696054,
         0.020037571796204683,
         0.01579972808786605,
         0.01841481831475418
      ],
      "avg_score":0.015253711894566443,
      "best_var":"language_code",
      "anova":7.79316360346259e-06,
      "t_test":0.2515135865132016,
      "msg": "followed by t-test: algorithms ('track', 'language_code'), ('track', 'genre_top') are the same"
   },
   "birch":{
      "scores":[
         0.01424332357458846,
         0.013155205170623567,
         0.013490529039605131,
         0.014094578206277719,
         0.010177869738019572
      ],
      "avg_score":0.013032301145822892,
      "best_var":"language_code",
      "anova":5.089933218455436e-09,
      "t_test":0.008087450635572153
   },
   "bisecting_kmeans":{
      "scores":[
         0.012027232282346822,
         0.01128387648745548,
         0.012734536361470965,
         0.011120877214442295,
         0.012414664877117202
      ],
      "avg_score":0.011916237444566555,
      "best_var":"track_language_code",
      "anova":2.5221990810158107e-09,
      "t_test":0.042117151947754325
   },
   "dbscan":{
      "scores":[
         0.05040089709856625,
         0.049898394774900025,
         0.04479302357696089,
         0.04951336056246279,
         0.04741440927815383
      ],
      "avg_score":0.04840401705820876,
      "best_var":"album_type",
      "anova":1.4170494027036108e-08,
      "t_test":1.0689663890761722e-05
   }
}