{
   "k_mean":{
      "scores":[
         0.7835764798050993,
         0.7135010529438951,
         0.39765050949076486,
         0.6847610245282078,
         0.8284290003018744
      ],
      "best_var":"gas_type",
      "anova":0.31344621761904323,
      "t_test":-1
   },
   "fuzzy_c_means":{
      "scores":[
         0.8443004162290937,
         0.8713100656115114,
         1.0820960790264709,
         0.6633555907754779,
         1.0118503661342957
      ],
      "best_var":"concentration",
      "anova":0.037272427603591014,
      "t_test":0.04824512661254755
   },
   "gaussian_mixture":{
      "scores":[
         0.9547024339584329,
         0.6923806282669474,
         0.6726503621091464,
         0.8023311666178906,
         0.6726931657315203
      ],
      "best_var":"concentration",
      "anova":0.042477489687670025,
      "t_test":0.04284486964789035
   },
   "hierarchical_clustering":{
      "scores":[
         0.8315368699628656,
         0.8033969734165249,
         1.1460267030942597,
         0.6643715200646289,
         0.9524832170467488
      ],
      "best_var":"concentration",
      "anova":0.01211648475268414,
      "t_test":0.01526364723861121
   },
   "birch":{
      "scores":[
         0.5819293539900908,
         0.8624821295429156,
         0.6134111882875884,
         0.6020770589311466,
         0.8699105669375353
      ],
      "best_var":"gas_type",
      "anova":0.36133390984875235,
      "t_test":-1
   },
   "dbscan":{
      "scores":[
         0.44346217564814255,
         0.42315259998002747,
         0.057382769644976794,
         0.875436207415761,
         0.014174593709034242
      ],
      "best_var":"gas_type",
      "anova":0.3813982758414476,
      "t_test":-1
   },
   "bisecting_kmeans":{
      "scores":[
         0.336809511800799,
         0.507807331317301,
         0.5805040858288579,
         1.1238665280640738,
         0.5954013870944137
      ],
      "best_var":"gas_type",
      "anova":0.2295357567833363,
      "t_test":-1
   }
}