{
   "best_algo_name":"hierarchical_clustering",
   "annova":0.7393740703759824,
   "t_test_p_value":-1,
   "config":{
      "mi_concentration_scores":[
         0.34432205138117394,
         0.4673037769813322,
         0.3813073788312835,
         0.4227654428511588,
         0.5646978492330991
      ],
      "mi_gas_type_scores":[
         0.3536063100584448,
         0.4164269218672545,
         0.2968450956092817,
         0.20695053936804772,
         0.40788210768560934
      ],
      "weighted_scores":[
         0.3489641807198094,
         0.44186534942429334,
         0.3390762372202826,
         0.3148579911096033,
         0.4862899784593542
      ],
      "avg_score":0.38621074738666855,
      "dim_num":10,
      "cluster_num":8,
      "reduction_algo_name":"PCA",
      "annova":0.1638512364999571,
      "t-test":-1
   },
   "all_config":{
      "k_mean":{
         "mi_concentration_scores":[
            0.4138496359453827,
            0.474447657276505,
            0.4211462660891726,
            0.6989865179406349,
            0.5174122900294302
         ],
         "mi_gas_type_scores":[
            0.3073505424302002,
            0.3207331546526496,
            0.38750305396869483,
            0.6545467789258831,
            0.6859968124916381
         ],
         "weighted_scores":[
            0.36060008918779146,
            0.3975904059645773,
            0.40432466002893375,
            0.6767666484332591,
            0.6017045512605341
         ],
         "avg_score":0.48819727097501914,
         "dim_num":10,
         "cluster_num":8,
         "reduction_algo_name":"FastICA",
         "annova":0.032251895252212504,
         "t-test":0.5554163957818681
      },
      "fuzzy_c_means":{
         "mi_concentration_scores":[
            0.20834902597523203,
            0.3389122736513723,
            0.3159365775485727,
            0.5087406601268137,
            0.6026875859877842
         ],
         "mi_gas_type_scores":[
            0.27229238902335046,
            0.38049854226606256,
            0.2922331748577831,
            0.4884997244898819,
            0.5097109217878538
         ],
         "weighted_scores":[
            0.24032070749929124,
            0.3597054079587174,
            0.3040848762031779,
            0.4986201923083478,
            0.556199253887819
         ],
         "avg_score":0.3917860875714707,
         "dim_num":100,
         "cluster_num":4,
         "reduction_algo_name":"MDS",
         "annova":0.07266996932511496,
         "t-test":-1
      },
      "gaussian_mixture":{
         "mi_concentration_scores":[
            0.24285183116605732,
            0.38642076151352994,
            0.46764347581336174,
            0.4343037752775748,
            0.5514540476427456
         ],
         "mi_gas_type_scores":[
            0.23197082094650917,
            0.4801022006116546,
            0.44211066733443516,
            0.43168588187674284,
            0.5136756543428702
         ],
         "weighted_scores":[
            0.23741132605628323,
            0.43326148106259227,
            0.45487707157389845,
            0.4329948285771588,
            0.5325648509928079
         ],
         "avg_score":0.4182219116525482,
         "dim_num":10,
         "cluster_num":16,
         "reduction_algo_name":"MDS",
         "annova":0.7430982720721042,
         "t-test":-1
      },
      "hierarchical_clustering":{
         "mi_concentration_scores":[
            0.34432205138117394,
            0.4673037769813322,
            0.3813073788312835,
            0.4227654428511588,
            0.5646978492330991
         ],
         "mi_gas_type_scores":[
            0.3536063100584448,
            0.4164269218672545,
            0.2968450956092817,
            0.20695053936804772,
            0.40788210768560934
         ],
         "weighted_scores":[
            0.3489641807198094,
            0.44186534942429334,
            0.3390762372202826,
            0.3148579911096033,
            0.4862899784593542
         ],
         "avg_score":0.38621074738666855,
         "dim_num":10,
         "cluster_num":8,
         "reduction_algo_name":"PCA",
         "annova":0.1638512364999571,
         "t-test":-1
      },
      "birch":{
         "mi_concentration_scores":[
            0.4022979811862187,
            0.45563365581469595,
            0.4825280091520121,
            0.640606813481848,
            0.4517515500533682
         ],
         "mi_gas_type_scores":[
            0.25004167027863883,
            0.32515491574713073,
            0.42338347500303575,
            0.3982997704480073,
            0.46496886985214025
         ],
         "weighted_scores":[
            0.32616982573242875,
            0.39039428578091334,
            0.4529557420775239,
            0.5194532919649276,
            0.4583602099527542
         ],
         "avg_score":0.42946667110170955,
         "dim_num":10,
         "cluster_num":8,
         "reduction_algo_name":"UMAP",
         "annova":0.0001776816772645767,
         "t-test":0.07173327695243147
      },
      "dbscan":{
         "mi_concentration_scores":[
            0.2051550289289192,
            0.41747621631317483,
            0.10135104195657892,
            0.6510435146830016,
            0.45466353954926536
         ],
         "mi_gas_type_scores":[
            0.13456776653627855,
            0.5939218952496303,
            0.029101457894888546,
            0.24427844735125812,
            0.691032735651897
         ],
         "weighted_scores":[
            0.1698613977325989,
            0.5056990557814026,
            0.06522624992573373,
            0.44766098101712987,
            0.5728481376005812
         ],
         "avg_score":0.3522591644114893,
         "dim_num":50,
         "cluster_num":4,
         "reduction_algo_name":"PCA",
         "annova":0.9493682936355718,
         "t-test":-1
      },
      "bisecting_kmeans":{
         "mi_concentration_scores":[
            0.29486614757663504,
            0.33097472952556134,
            0.4435531810605487,
            0.6953409163040729,
            0.46910931045943177
         ],
         "mi_gas_type_scores":[
            0.3433984213683018,
            0.4489825740861556,
            0.47912693634600817,
            0.5562731355518922,
            0.409484700992286
         ],
         "weighted_scores":[
            0.31913228447246844,
            0.38997865180585845,
            0.46134005870327843,
            0.6258070259279825,
            0.4392970057258589
         ],
         "avg_score":0.4471110053270893,
         "dim_num":100,
         "cluster_num":4,
         "reduction_algo_name":"UMAP",
         "annova":0.033721420361232504,
         "t-test":0.772276648081462
      }
   }
}