{
   "k_mean":{
      "scores":[
         0.014770025436992454,
         0.015180577350505228,
         0.017829640153899477,
         0.015142192001289316,
         0.017660561537150305
      ],
      "best_var":"genre_top",
      "anova":2.255555172614306e-08,
      "t_test":0.0016358463338929901
   },
   "fuzzy_c_means":{
      "scores":[
         0.021719479348622624,
         0.021303467989422405,
         0.022485186607466734,
         0.020145263889452567,
         0.02240770052822281
      ],
      "best_var":"genre_top",
      "anova":1.1693823417783685e-09,
      "t_test":0.2116844284547759
   },
   "gaussian_mixture":{
      "scores":[
         0.019401735009624065,
         0.019850107874496037,
         0.018522063218339407,
         0.019496647717153554,
         0.019376241173443855
      ],
      "best_var":"genre_top",
      "anova":1.54879269770837e-13,
      "t_test":1.3300049208542392e-05
   },
   "hierarchical_clustering":{
      "scores":[
         0.01971245306237075,
         0.017744343839065257,
         0.019812157599424667,
         0.020429340256810535,
         0.017711974120289915
      ],
      "best_var":"genre_top",
      "anova":3.356525838397881e-11,
      "t_test":0.0002475272230486329
   },
   "birch":{
      "scores":[
         0.02018397602679185,
         0.01910366719999996,
         0.01812774511179683,
         0.024105277472230756,
         0.02296242608058889
      ],
      "best_var":"genre_top",
      "anova":1.3921943249329548e-08,
      "t_test":0.13233244855517895
   },
   "bisecting_kmeans":{
      "scores":[
         0.016465236451103822,
         0.020052730701700446,
         0.019057108010518676,
         0.017831575967863663,
         0.01681718978663615
      ],
      "best_var":"genre_top",
      "anova":2.989446939474203e-08,
      "t_test":0.02613897044379422
   },
   "dbscan":{
      "scores":[
         0.04493047417966618,
         0.051330402156752435,
         0.04874141363788545,
         0.05171289041498013,
         0.04880638909741188
      ],
      "best_var": "album_type",
      "anova":9.686221786027939e-14,
      "t_test":5.738129852843508e-07
   }
}