{
   "k_mean":[
      0.7271719327871918,
      0.4757657715357641,
      0.4214317114208329,
      0.7966240665830752,
      0.7808781502118358
   ],
   "fuzzy_c_means":[
      0.37296134,
      0.36215472,
      0.34465292,
      0.3531296,
      0.36255372
   ],
   "gaussian_mixture":[
      0.90314250523974,
      0.6027156169280191,
      0.9094797386162072,
      0.8312024517502752,
      0.7412663931931555
   ],
   "hierarchical_clustering":[
      0.9324807887756128,
      0.9160867066484177,
      0.9116614417542027,
      0.9302359335257446,
      0.9263170909486953
   ],
   "birch":[
      0.34614328,
      0.33482045,
      0.32936057,
      0.3335152,
      0.33068985
   ],
   "bisecting_kmeans":[
      -0.15102613478300267,
      -0.003947925558770135,
      0.3810938171796366,
      0.47821842457894925,
      0.39745657508365984
   ],
   "dbscan":[
      0.6141310281758042,
      0.6396895618710496,
      0.5707517470138223,
      0.6294407554062613,
      0.6369166984202608
   ]
}