{
   "k_mean":{
      "max_score":0.7309976171010545,
      "max_dim_num":50,
      "max_cluster_num":2,
      "scores":[
         0.7700615750545532,
         0.6994681056426876,
         0.5413897093313074,
         0.8271451545051103,
         0.816923540971614
      ],
      "reduction_algo_name":"LLE"
   },
   "fuzzy_c_means":{
      "max_score":0.34898657,
      "max_dim_num":100,
      "max_cluster_num":2,
      "scores":[
         0.35499972,
         0.34790787,
         0.36193344,
         0.34274825,
         0.33734354
      ],
      "reduction_algo_name":"UMAP"
   },
   "gaussian_mixture":{
      "max_score":0.48921849546475143,
      "max_dim_num":10,
      "max_cluster_num":2,
      "scores":[
         0.497504506718729,
         0.4603765481254808,
         0.1559418126073618,
         0.9133428388775701,
         0.4189267709946155
      ],
      "reduction_algo_name":"LLE"
   },
   "hierarchical_clustering":{
      "max_score":0.8787435319579624,
      "max_dim_num":10,
      "max_cluster_num":2,
      "scores":[
         0.9054407247299768,
         0.8125623793294325,
         0.8884143972858114,
         0.9133428388775701,
         0.8739573195670204
      ],
      "reduction_algo_name":"LLE"
   },
   "birch":{
      "max_score":0.31768173,
      "max_dim_num":100,
      "max_cluster_num":2,
      "scores":[
         0.2990163,
         0.3026744,
         0.3432078,
         0.31931368,
         0.32419658
      ],
      "reduction_algo_name":"UMAP"
   },
   "bisecting_kmeans":{
         "max_score":0.3685481299875954,
         "max_dim_num":100,
         "max_cluster_num":2,
         "scores":[
            0.7039109032823121,
            0.4843305680961439,
            0.17264333120164788,
            0.4576614664801662,
            0.024194380877707117
         ],
         "reduction_algo_name":"LLE"
   },
   "dbscan":{
      "max_score":0.7519958611304396,
      "max_dim_num":100,
      "max_cluster_num":20,
      "scores":[
         0.7395764180059369,
         0.7558122876681017,
         0.7639736491913417,
         0.775966349817264,
         0.724650600969554
      ],
      "reduction_algo_name":"LLE"
   }
}
