{
   "k_mean":{
      "scores":[
         0.015682014394527332,
         0.017598115642558677,
         0.01817939606631333,
         0.017983197208858888,
         0.017223801417834847
      ],
      "best_var": "genre_top",
      "anova":1.388190068120297e-11,
      "t_test":0.0004655751780436083
   },
   "fuzzy_c_means":{
      "scores":[
         0.02064078447292475,
         0.023530979066468984,
         0.02126740771776512,
         0.024193865034960477,
         0.02092357305631614
      ],
      "best_var": "genre_top",
      "anova":7.239139703493965e-11,
      "t_test":0.14281661536529383
   },
   "gaussian_mixture":{
      "scores":[
         0.02044021739913197,
         0.01914903568478857,
         0.02039476444420032,
         0.01902727790363285,
         0.020440790140189555
      ],
      "best_var":"genre_top",
      "anova":1.6937593220419586e-09,
      "t_test":0.0005857696197089525
   },
   "hierarchical_clustering":{
      "scores":[
         0.018902439336454725,
         0.017986692679238,
         0.021360869951200658,
         0.021944549874863467,
         0.018761831010212473
      ],
      "best_var":"genre_top",
      "anova":7.287643277984172e-11,
      "t_test":0.0006588107098229087
   },
   "birch":{
      "scores":[
         0.023804643036398336,
         0.024552467779583136,
         0.023741940308970647,
         0.02563345777030776,
         0.019077320589541202
      ],
      "best_var":"genre_top",
      "anova":7.297109459420523e-10,
      "t_test":0.025886977614964096
   },
   "bisecting_kmeans":{
      "scores":[
         0.021534869945184488,
         0.02006157134622424,
         0.019698266370707845,
         0.01869726510851888,
         0.022334150688197236
      ],
      "best_var":"genre_top",
      "anova":6.361022712618418e-10,
      "t_test":0.0013468007433414943
   },
   "dbscan":{
      "scores":[
         0.041987709785020345,
         0.053070681327297,
         0.043389635189028046,
         0.05030210934574671,
         0.042976565274634185
      ],
      "best_var": "album_type",
      "anova":6.314374071690932e-11,
      "t_test":6.997319365254839e-05
   }
}