{
   "k_mean":[
      0.5252745466490069,
      0.7744580605375028,
      0.7383566713645224,
      0.769685873668135,
      0.6772178030016944
   ],
   "fuzzy_c_means":[
      0.37296134,
      0.36215472,
      0.34465292,
      0.3531296,
      0.36255372
   ],
   "gaussian_mixture":[
      0.9324807887756128,
      0.9152795449559522,
      0.9066587943650786,
      0.795476055847106,
      0.7075623771608472
   ],
   "hierarchical_clustering":[
      0.9324807887756128,
      0.9160867066484177,
      0.9116614417542027,
      0.9302359335257446,
      0.9263170909486953
   ],
   "birch":[
      0.34614328,
      0.33482045,
      0.32936057,
      0.3335152,
      0.33068985
   ],
   "bisecting_kmeans":[
      0.05169603883170198,
      -0.0569279569582279,
      -0.025875168060279317,
      -0.013230171518346271,
      0.2567184316299877
   ],
   "dbscan":[
      0.6141310281758042,
      0.6396895618710496,
      0.5707517470138223,
      0.6294407554062613,
      0.6369166984202608
   ]
}