{
   "k_mean":{
      "scores":[
         0.3376154038168947,
         0.3453700734452721,
         0.3439181778578339,
         0.3492661932122333,
         0.3412720359746033
      ],
      "mi_scores":[
         0.0006549798453436007,
         0.002850709848192301,
         0.00010371912693502017,
         0.00438662362855563,
         0.000803804377370404
      ],
      "silhouette_scores":[
         0.3483910352218128,
         0.37218888278886175,
         0.37532951263698316,
         0.3825446885244715,
         0.3624952422639504
      ],
      "best_k_clusters":2,
      "annova":3.582301584994948e-21,
      "t_test_p_value":0.00011152513655468229
   },
   "fuzzy_c_means":{
      "scores":[
         0.32073109651066045,
         0.32179393134590123,
         0.32223702310109525,
         0.32547478389564927,
         0.32271697112768727
      ],
      "mi_scores":[
         0.000323839336920706,
         0.0013147500547561752,
         0.0001242962686844873,
         0.002621904899864247,
         0.000882022100972657
      ],
      "silhouette_scores":[
         0.2819683533503325,
         0.283274794623625,
         0.2885776456595005,
         0.29408365892122823,
         0.28823753349721004
      ],
      "best_k_clusters":2,
      "annova":5.411398601146535e-18,
      "t_test_p_value":9.161756418240257e-07
   },
   "gaussian_mixture":{
      "scores":[
         0.3407083754774841,
         0.3493310408409436,
         0.3440916031351628,
         0.34702860124717677,
         0.3401944031599859
      ],
      "mi_scores":[
         0.0012497275572525557,
         0.0027637686130106975,
         0.00014740524547995904,
         0.003416551986095695,
         0.0004511648939330426
      ],
      "silhouette_scores":[
         0.35878091229641074,
         0.38806664069798386,
         0.375876871918132,
         0.37688652615440826,
         0.3593280651901519
      ],
      "best_k_clusters":2,
      "annova":5.404283215727123e-21,
      "t_test_p_value":7.527675332869936e-05
   },
   "hierarchical_clustering":{
      "scores":[
         0.337967814193537,
         0.3420097873247552,
         0.3225463435498343,
         0.3767890220411269,
         0.33970692139917674
      ],
      "mi_scores":[
         0.0012760353927130375,
         0.0017021029246829245,
         4.3583137832037266e-05,
         0.0058263972170686795,
         0.0019759940273106347
      ],
      "silhouette_scores":[
         0.3478191229148965,
         0.3625760073875492,
         0.29005535967785884,
         0.48290278235097583,
         0.3524649616502943
      ],
      "best_k_clusters":2,
      "annova":1.3051412944691154e-10,
      "t_test_p_value":0.007818831110007644
   },
   "birch":{
      "scores":[
         0.35141080954827447,
         0.37095628735469544,
         0.37392544246357684,
         0.3536187700286888,
         0.34268612338154414
      ],
      "mi_scores":[
         0.0016098441527958585,
         0.0030680684437214417,
         0.0007011048002627807,
         0.003249700850949666,
         0.000592268247173372
      ],
      "silhouette_scores":[
         0.40004395163260276,
         0.47176025400632293,
         0.49265119028438176,
         0.40320654193842154,
         0.3688068119169785
      ],
      "best_k_clusters":2,
      "annova":3.157771122812219e-14,
      "t_test_p_value":0.0032349855704740067
   },
   "dbscan":{
      "scores":[
         0.3519669806717659,
         0.36262707055667975,
         0.37856235070800426,
         0.33482579569865617,
         0.3318798950841869
      ],
      "mi_scores":[
         0.006188751826311073,
         0.0055350271404313225,
         0.003052062343776555,
         0.0075671888078923145,
         0.006022636241854266
      ],
      "silhouette_scores":[
         0.3757587755390963,
         0.421903847729432,
         0.49796741150281487,
         0.30138714751818413,
         0.2962219804539686
      ],
      "best_k_clusters":20,
      "annova":0.00023575008555175495,
      "t_test_p_value":0.3080158299273143
   },
   "bisecting_kmeans":{
      "scores":[
         0.3400497766450264,
         0.34280085033886365,
         0.3439181778578339,
         0.348878788918973,
         0.3411190656083353
      ],
      "mi_scores":[
         0.0008557887921786245,
         0.0028431018473340786,
         0.00010371912693502017,
         0.0041984272330238825,
         0.0007873028913390756
      ],
      "silhouette_scores":[
         0.35745446112740004,
         0.3620901552382609,
         0.37532951263698316,
         0.3816397906745268,
         0.3619388720077806
      ],
      "best_k_clusters":2,
      "annova":4.4206980609217e-23,
      "t_test_p_value":6.05650783338788e-07
   }
}